	topic	score
6	6	0.686465750334446
5	5	0.6233706505959031
3	3	0.4552643285839449
7	7	0.43007693501693656
8	8	0.3966529834719861
1	1	0.3630674549516252
9	9	0.32980582248817136
4	4	0.3040316196301863
0	0	0.257669232733621
2	2	0.24278522262184782
