	topic	score
7	7	0.7662694841051018
4	4	0.7118888698149274
9	9	0.6386189244161778
6	6	0.5257740838227405
3	3	0.5126723116827492
0	0	0.4755096686614796
5	5	0.4755096686614796
8	8	0.45236853977166014
2	2	0.3272666302345503
1	1	0.32075221903614887
