	topic	score
4	4	0.5159964916086317
9	9	0.4142501427975194
2	2	0.32009037315211614
6	6	0.2977537742734644
0	0	0.2706234483932266
7	7	0.2686698866094094
3	3	0.26009300154971904
8	8	0.25780473243201424
1	1	0.25742197651280435
5	5	0.23257473663676181
